{
  "performance": {
    "BlendProperty1": 0.24894839831556909,
    "BlendProperty2": 0.35245321738331953,
    "BlendProperty3": 0.29406262820816853,
    "BlendProperty4": 0.3587165754423316,
    "BlendProperty5": 0.2311441866424062,
    "BlendProperty6": 0.26541726322328657,
    "BlendProperty7": 0.21967736282367542,
    "BlendProperty8": 0.23497403903042124,
    "BlendProperty9": 0.28662920784525725,
    "BlendProperty10": 0.40495316185696906,
    "Average": 0.28969760407714046
  },
  "feature_importance": {
    "Target_0": {
      "top_features": [
        5,
        2,
        57,
        70,
        71,
        68,
        75,
        77,
        69,
        78
      ],
      "importance_scores": [
        2.931761008920176,
        2.6293797139091404,
        2.629379713837864,
        2.5779636871583507,
        2.3191447133033267,
        2.298173084599187,
        2.1579710181429945,
        2.0135221817843187,
        1.5150974368407817,
        1.4456588342437062
      ]
    },
    "Target_1": {
      "top_features": [
        10,
        70,
        125,
        68,
        56,
        1,
        18,
        69,
        71,
        123
      ],
      "importance_scores": [
        2.6237081035820964,
        2.175915000288043,
        1.9525224197540894,
        1.948878473198869,
        1.7467600997900878,
        1.7467600997423867,
        1.650370763405479,
        1.6409258456096778,
        1.633590068391965,
        1.5690147378052348
      ]
    },
    "Target_2": {
      "top_features": [
        74,
        15,
        112,
        136,
        57,
        2,
        17,
        120,
        4,
        59
      ],
      "importance_scores": [
        2.5980804080956514,
        2.238664194541013,
        1.4698255080099387,
        1.4645794669274592,
        1.4312602518724344,
        1.4312602518338762,
        1.4129558109303098,
        1.399596390510043,
        1.3195617184766377,
        1.3195617184116992
      ]
    },
    "Target_3": {
      "top_features": [
        20,
        66,
        60,
        113,
        77,
        4,
        59,
        129,
        64,
        67
      ],
      "importance_scores": [
        2.671946468576171,
        1.8676455909723393,
        1.5396689694766903,
        1.4852002100769575,
        1.470948918293813,
        1.463332125479634,
        1.4633321254583278,
        1.4525147975814345,
        1.4488588701862104,
        1.404089095211988
      ]
    },
    "Target_4": {
      "top_features": [
        25,
        60,
        68,
        75,
        27,
        61,
        120,
        67,
        70,
        126
      ],
      "importance_scores": [
        2.166148872066666,
        1.9300575121002255,
        1.8956361915946576,
        1.713055466796282,
        1.6658391193511608,
        1.47690925178586,
        1.4435542895881253,
        1.4136683849582097,
        1.3749734081412475,
        1.3253086390194575
      ]
    },
    "Target_5": {
      "top_features": [
        30,
        55,
        0,
        3,
        58,
        120,
        128,
        79,
        78,
        69
      ],
      "importance_scores": [
        4.0837744871708095,
        3.5580783325149703,
        3.5580783324491163,
        2.9697266421260142,
        2.9697266419194923,
        1.820917483682115,
        1.7536678861982424,
        1.6261546917633989,
        1.5029648810663316,
        1.476216008354584
      ]
    },
    "Target_6": {
      "top_features": [
        70,
        71,
        55,
        0,
        74,
        35,
        136,
        121,
        33,
        3
      ],
      "importance_scores": [
        5.111480651530625,
        3.0485628278743744,
        2.7290729690153936,
        2.729072968864999,
        2.6904793221406895,
        2.513438287460622,
        2.0044833815997434,
        1.6530170329943812,
        1.6280516536043281,
        1.4377223236664114
      ]
    },
    "Target_7": {
      "top_features": [
        2,
        57,
        126,
        66,
        40,
        72,
        68,
        111,
        78,
        125
      ],
      "importance_scores": [
        2.6006573968844697,
        2.6006573968676285,
        2.475005169724701,
        2.290575073617685,
        2.249951128714146,
        1.8732925741400102,
        1.846422323954481,
        1.7416814296694298,
        1.72069442289446,
        1.7125465077146351
      ]
    },
    "Target_8": {
      "top_features": [
        68,
        3,
        58,
        45,
        102,
        113,
        128,
        146,
        60,
        79
      ],
      "importance_scores": [
        3.300086376989952,
        1.9393597691202527,
        1.9393597690468525,
        1.9133341532918589,
        1.8320301146737796,
        1.7057316278676153,
        1.6097943402311645,
        1.5315570958301574,
        1.476686088851898,
        1.4669012293848738
      ]
    },
    "Target_9": {
      "top_features": [
        50,
        1,
        56,
        59,
        4,
        42,
        110,
        120,
        137,
        73
      ],
      "importance_scores": [
        3.8419520338626327,
        2.482740278667278,
        2.482740278563959,
        2.377005037310383,
        2.3770050372856026,
        2.248541813512743,
        2.0501308827125397,
        1.8076542555380424,
        1.6088920295536693,
        1.5454175264331642
      ]
    }
  },
  "model_info": {
    "train_samples": 1000,
    "test_samples": 300,
    "original_features": 150,
    "engineered_features": 150,
    "targets": 10
  }
}